Applied siRNA ID,Target gene symbol,Average measured repression (log2)
17,FXN,-1.18
18,FXN,-0.37
19,FXN,-3.27
20,GALK1,-3.37
21,GALK1,-2.64
22,GALK1,-3.71
23,GK,-1.87
24,GK,-1.96
25,GK,-2.48
29,INSR,-1.74
30,INSR,-0.83
31,INSR,-1.79
38,MET,-1.95
39,MET,-1.48
40,MET,-1.89
41,NME1,-4.97
42,NME1,-5.65
43,NME1,-5.35
44,PFKM,-1.85
45,PFKM,-1.91
46,PFKM,-3.56
47,PGK1,-4.82
48,PGK1,-3.84
49,PGK1,0.07
50,PHKG2,-1.31
51,PHKG2,-1.13
52,PHKG2,-0.77
56,MVK,-2.62
57,MVK,-4.27
58,MVK,-6.91
62,TEK,-1.06
63,TEK,-1.35
64,TEK,-2.44
65,AK1,-3.07
66,AK1,-3.05
67,AK1,0.42
68,DCK,-3.18
69,DCK,-3.12
70,DCK,-2.13
71,GUK1,-3.48
72,GUK1,-4.25
73,IGF1R,-1.23
74,IGF1R,-1.72
75,IGF1R,-2.5
76,ACVR1,-2.35
77,ACVR1,-3.43
78,ACVR1,-3.01
79,ACVR2B,-1.56
80,ACVR2B,-1.92
81,ACVR2B,-1.97
82,ATR,-3.93
83,ATR,-3.27
84,ATR,-1.73
85,BMPR1B,-1.56
86,BMPR1B,-1.87
87,BMPR1B,-2.33
88,BUB1B,-2.43
89,BUB1B,-3.98
90,BUB1B,-3.26
91,CAMK2D,-3.07
92,CAMK2D,-1.98
93,CAMK2D,-3.49
97,CDK6,-2.62
98,CDK6,-3.63
99,CDK6,-5.81
100,CDK8,-2.2
101,CDK8,-2.66
102,CDK8,-4.08
103,CDK9,-2.34
104,CDK9,-2.75
105,CDK9,-1.52
106,CHEK1,-3.74
107,CHEK1,-2.18
108,CHEK1,-4.5
109,CHKA,-2.13
110,CHKA,-2.58
111,CHKA,-2.88
115,CSNK1G2,-2.21
116,CSNK1G2,-1.27
117,CSNK1G2,-2.66
118,DGKA,-1.67
119,DGKA,-1.79
120,DGKA,-3.41
127,DAPK3,-1.88
128,DAPK3,-2.2
129,DAPK3,-2.54
131,ERN1,-2.48
136,IRAK1,-3.9
137,IRAK1,-3.74
138,IRAK1,-5.21
139,IRAK2,-3.51
140,IRAK2,-5.79
141,IRAK2,-2.95
142,ACVR2,-2.31
143,ACVR2,-3.81
144,ACVR2,-3.3
145,ADRBK1,-1.76
146,ADRBK1,-0.86
147,ADRBK1,-3.42
148,AKT2,-1.64
149,AKT2,-3
150,AKT2,-1.93
151,ARAF1,-3.59
152,ARAF1,-3.55
153,ARAF1,-3.91
163,CAMK4,-2.67
164,CAMK4,-3.86
165,CAMK4,-2.88
166,CDK7,-2.51
167,CDK7,-4.12
168,CDK7,-2.18
169,CKB,-1.21
170,CKB,-2.27
171,CKB,-1.13
178,CSNK1A1,-4.42
179,CSNK1A1,-3.25
180,CSNK1A1,-3.31
181,CSNK2A2,-4.02
182,CSNK2A2,-0.37
183,CSNK2A2,-3.87
196,GALK2,-1.66
197,GALK2,-2.25
198,GALK2,-2.68
199,GRK6,-3.43
200,GRK6,-3.15
201,GRK6,-1.56
211,ITPKA,-2.84
212,ITPKA,-3.07
213,ITPKA,-1.73
215,ITPKB,-1.91
216,ITPKB,-2.46
217,JAK1,-3.25
218,JAK1,-4.22
219,JAK1,-3.76
226,LYN,-2.86
227,LYN,-3.17
228,LYN,-3.4
229,MARK3,-2.06
230,MARK3,-2.06
231,MARK3,-3.42
232,MAP3K3,-1.37
233,MAP3K3,-2.16
234,MAP3K3,-2.39
237,MST1R,-2.09
238,MST1R,-1.01
239,MST1R,-1.86
240,NEK2,-3.99
241,NEK2,-2.65
242,NEK2,-3.97
243,NME2,0.87
244,NME2,-4.35
245,NME2,-5.66
249,PAK1,-3.61
250,PAK1,-3.34
251,PAK1,-1.27
258,PCTK2,-1.86
259,PCTK2,-2.95
260,PCTK2,-1.75
261,PDK1,-2.6
262,PDK1,-2.1
263,PDK1,-2.4
264,PDK2,-4.06
265,PDK2,-1.96
266,PDK2,-2.66
267,PDK4,-2.65
268,PDK4,-4.21
269,PDK4,-2.47
270,PDPK1,-1.85
279,PFKP,-2.32
280,PFKP,-3.01
281,PFKP,-2.18
282,PIK4CB,-2.39
283,PIK4CB,-3.74
284,PIK4CB,-2.4
285,PKM2,-4.83
286,PKM2,-3.36
287,PKM2,-4.96
291,PRKACA,-1.99
292,PRKACA,-4.6
293,PRKACA,-3.49
294,PRKACB,-4.37
300,PRKCA,-2.4
301,PRKCA,-3.55
302,PRKCA,-3.01
303,PRKCB1,-0.23
304,PRKCB1,-3.65
305,PRKCB1,-0.48
309,PRKCI,-3.09
310,PRKCI,-0.3
311,PRKCI,-3.66
312,PKN1,-4.7
313,PKN1,-5.94
314,PKN1,-4.1
315,PRKCM,-0.33
316,PRKCM,-1.05
317,PRKCM,-2.11
318,MAPK4,-6.02
319,MAPK4,-3.39
320,MAPK4,-4.35
324,MAP2K1,-3.23
325,MAP2K1,-4.08
326,MAP2K1,-4.38
330,PRKY,-1.67
331,PRKY,0.28
332,PRKY,-2.25
333,PRPS1,-4.66
334,PRPS1,-3.79
335,PRPS1,-4.02
336,PRPS2,-3.45
337,PRPS2,-2.18
338,PRPS2,-4.23
339,PTK7,-3.85
340,PTK7,-2.95
341,PTK7,-2.6
342,PTK9,-3.94
343,PTK9,-3.24
344,PTK9,-4.44
345,ALDH18A1,-2.95
346,ALDH18A1,-3.34
347,ALDH18A1,-3.46
348,GRK1,-1.26
350,GRK1,1.64
351,ROS1,-0.85
352,ROS1,0.9
353,ROS1,-3.06
354,RPS6KA1,-4.89
355,RPS6KA1,-3.27
356,RPS6KA1,-4.13
357,RYK,-2.44
358,RYK,-2.12
359,RYK,-2.25
361,CCL2,-3.35
362,MAP2K4,-1.93
363,MAP2K4,-2.75
364,MAP2K4,-2.41
365,SRPK1,-2.81
366,SRPK1,-2.45
367,SRPK1,-2.29
368,SRPK2,-1.04
369,SRPK2,-2.6
370,SRPK2,-1.7
371,NEK4,-2.74
372,NEK4,-2.65
373,NEK4,-2.38
374,CDKL5,-3.14
375,CDKL5,-3.55
376,CDKL5,-4.75
383,TEC,-2.43
385,TEC,-1.47
386,TGFBR2,-3.35
387,TGFBR2,-5.08
388,TGFBR2,-3.14
389,TK1,-3.56
390,TK1,-5.09
391,TK1,-3.8
392,TTK,-3.02
393,TTK,-2.34
394,TTK,-2.81
398,TYK2,-2.14
399,TYK2,-3.76
400,TYK2,-2
401,VRK1,-3.26
402,VRK1,-1.52
404,WEE1,-2.93
405,WEE1,-2.1
406,WEE1,-2.63
407,TRRAP,-1.32
408,TRRAP,-1.87
409,TRRAP,-0.76
410,CDC7,-2.77
411,CDC7,-3.04
412,CDC7,-3.79
413,PIP5K1A,-2.98
414,PIP5K1A,-2.6
415,PIP5K1A,-1.9
416,ULK1,0.44
417,ULK1,0.15
418,ULK1,0.17
421,STK24,-3.96
422,DYRK3,-1.69
423,DYRK3,-2.12
424,DYRK3,-3.25
425,STK6,-3.05
426,STK6,-3.44
427,STK6,-3.99
428,CDC42BPA,-1.9
429,CDC42BPA,-2.28
430,CDC42BPA,-1.56
437,CAMK1,-3.61
438,CAMK1,-3.75
439,CAMK1,-3.21
440,PDXK,-2.9
441,PDXK,-3.37
442,PDXK,-3.66
443,MKNK1,0.1
444,MKNK1,-4.26
445,MKNK1,-3.05
446,CASK,-1.67
447,CASK,-3.21
448,CASK,-2.59
449,PRKRA,-2
455,RIPK2,-2.46
456,RIPK2,-3.51
457,RIPK2,-1.58
460,PRPF4B,-1.77
461,PRPF4B,-2.29
462,PRPF4B,-2.06
463,RPS6KA4,-2.42
464,RPS6KA4,-2.53
465,RPS6KA4,-2.44
469,RPS6KB2,-4.2
470,RPS6KB2,-3.71
471,RPS6KB2,-5.13
472,MAP3K14,-0.9
473,MAP3K14,-1.49
474,MAP3K14,-2.23
475,TNK1,0.25
476,TNK1,-1.51
477,TNK1,-2.88
481,PLK3,1.26
482,PLK3,1.2
483,PLK3,1.14
484,PTK2B,-2.59
485,PTK2B,-1.4
486,PTK2B,-1.18
490,PRKAR2A,-2.93
491,PRKAR2A,-4.52
492,PRKAR2A,-3.72
493,AURKB,-2.25
494,AURKB,-2.37
495,AURKB,-2.31
496,STK17B,-2.59
497,STK17B,-1.77
498,STK17B,-3.32
502,BMPR1A,-3.98
503,BMPR1A,-3.76
504,BMPR1A,-3.02
505,BRAF,-0.63
506,BRAF,-1.68
507,BRAF,-3.83
508,BUB1,-3.56
509,BUB1,-3.05
510,BUB1,-2.07
511,CSK,-3.44
512,CSK,-2.91
513,CSK,-2.66
514,CSNK1G3,0.2
515,CSNK1G3,-0.48
516,CSNK1G3,0.26
517,DMPK,-0.35
520,EPHA2,-1.87
521,EPHA2,-2.05
522,EPHA2,-1.91
526,EPHA7,-1.98
527,EPHA7,-2.52
528,EPHA7,-2.54
532,EPHB4,0.16
533,EPHB4,-2.14
534,EPHB4,-0.44
538,ERBB2,-0.26
539,ERBB2,-1.12
540,ERBB2,-1.98
541,ROR2,-2.11
542,ROR2,-2.44
543,ROR2,-3.28
544,PFKFB3,-1.47
545,PFKFB3,-0.91
546,PFKFB3,-0.99
550,MAP4K2,-3.17
551,MAP4K2,-1.98
552,MAP4K2,-1.9
553,RPS6KA3,-2.53
554,RPS6KA3,-2.82
555,RPS6KA3,-2.71
556,TGFBR1,-5.66
557,TGFBR1,-3.39
558,TGFBR1,-1.6
560,TK2,-2.72
561,TK2,-2.65
562,MAPKAPK3,-4.94
563,MAPKAPK3,-4.07
564,MAPKAPK3,-3.59
567,LATS1,-0.85
568,HGS,0.12
569,HGS,-1.5
570,HGS,-2.22
574,DCAMKL1,-4.28
575,DCAMKL1,-2.85
576,DCAMKL1,-3.75
580,RPS6KA5,-2.45
581,RPS6KA5,-2.4
582,RPS6KA5,-1.89
583,STK17A,0.26
584,STK17A,0.34
585,STK17A,-4.1
592,EIF2AK3,-2.11
593,EIF2AK3,-2.16
594,EIF2AK3,-2.85
595,ROCK2,-3.23
596,ROCK2,-3.98
597,ROCK2,-3.33
598,DAPK1,-1.94
600,DAPK1,-2.16
601,FRAP1,-2.09
602,FRAP1,-3.21
603,FRAP1,-3.67
607,JAK2,-1.91
608,JAK2,-2.03
609,JAK2,-2.5
610,NME4,-3.02
611,NME4,-3.53
612,NME4,-4.21
613,ROR1,-3.07
616,PIP5K2A,-2.42
617,PIP5K2A,-3.76
618,PIP5K2A,-4.07
619,BRD2,0.02
620,BRD2,-0.53
621,BRD2,-1.22
622,XYLB,-1.9
623,XYLB,-1.23
624,XYLB,-0.97
625,OSR1,-2.82
626,OSR1,-3.2
627,OSR1,-3.76
631,AKT1,-2.79
632,AKT1,-3.11
633,AKT1,-3.01
634,CALM3,-4.74
635,CALM3,-5
636,CALM3,-5.53
638,MAP3K8,-1.5
639,MAP3K8,-0.87
640,MAP3K8,-0.41
644,EGFR,-3.1
645,EGFR,-3.14
646,EGFR,-2.82
650,EPHA3,-1.26
651,EPHA3,-1.36
652,EPHA3,-5.74
654,ERBB4,-2.02
655,ERBB4,-1.55
656,FER,-1.44
657,FER,-2.15
658,FER,-2.13
659,GAK,-2.36
660,GAK,-1.84
661,GAK,-2.67
665,GRK5,-0.94
666,GRK5,-1.56
674,PDK3,-4.12
675,PDK3,-4.65
676,PDK3,-5.22
682,ROCK1,-2.95
683,SRC,-2.44
685,SRC,-0.05
689,YES1,-1.23
690,YES1,-3.18
691,YES1,-3.51
692,PAPSS1,-2.74
693,PAPSS1,-2.85
694,PAPSS1,-3.01
698,GNE,-3.77
699,GNE,-3.08
700,GNE,-2.6
707,PTK2,-1.76
708,PTK2,-2.5
709,PTK2,-2.66
710,SGK,-2.14
711,SGK,-3.07
712,SGK,-1.94
713,HIPK3,-2.57
714,HIPK3,-3.15
715,HIPK3,-2.85
716,TRIM28,-4.81
717,TRIM28,-4.19
718,TRIM28,-4.66
719,ACK1,-1.34
720,ACK1,-0.92
721,ACK1,-1.3
722,NME6,-3.15
723,NME6,-3.69
724,NME6,-3.23
725,PRKCN,-1.61
726,PRKCN,-2.48
727,PRKCN,-1.91
728,BCKDK,-0.12
730,BCKDK,-3.74
743,STK10,-2.31
744,STK10,-2.32
745,STK10,-2.21
746,CDC42BPB,-3.07
747,CDC42BPB,-6.37
748,CDC42BPB,-2.9
755,DDR2,-0.93
756,DDR2,-1.09
757,DDR2,-2.68
761,PFKFB2,-1.36
762,PFKFB2,-3.53
763,PFKFB2,-3.13
767,PRKAA1,-4.58
768,PRKAA1,-1.86
769,PRKAA1,-2.25
770,PRKAA2,-2.22
771,PRKAA2,-2.59
772,PRKAA2,-3.94
773,PRKCD,-2.74
774,PRKCD,-4.15
775,PRKCD,-2.55
776,PRKCH,-2.52
777,PRKCH,-3.32
778,PRKCH,-3.97
779,PKN2,-2.5
780,PKN2,-2.63
781,PKN2,-3.33
788,PRKG2,-2.26
789,PRKG2,-2.12
790,PRKG2,-3.84
791,STK3,-2.17
792,STK3,-4.04
793,STK3,-2.46
794,STK4,-2.94
795,STK4,-2.12
796,STK4,-1.91
797,TESK1,-2.78
798,TESK1,-2.73
799,TESK1,-3.24
800,TYRO3,-3.52
801,TYRO3,-5.8
802,TYRO3,-4.8
803,VRK2,-2.17
804,VRK2,-3.93
805,VRK2,-2.53
806,MAP3K12,-0.7
807,MAP3K12,-0.98
808,MAP3K12,-2.23
812,STK25,-1.84
813,STK25,-2.52
814,STK25,-3.64
818,PMVK,-3.68
819,PMVK,-5.69
820,PMVK,-5.44
821,MAP4K5,-2.29
822,MAP4K5,-3.31
823,MAP4K5,-2.81
824,MAP3K2,-6.38
825,MAP3K2,-6.88
826,MAP3K2,-0.42
828,PLK2,-3.04
829,PLK2,-2.33
830,UGP2,-3.59
831,UGP2,-4.68
832,UGP2,-3.61
833,TLK2,-1.14
834,TLK2,-0.98
835,TLK2,0.5
838,RIPK3,-1.68
839,PIM2,-3
840,PIM2,-2.79
841,PIM2,-2.91
842,PRKDC,-2.39
843,PRKDC,-3.09
844,PRKDC,-3.38
848,TRIO,-1.98
849,TRIO,-2.99
850,TRIO,-1.63
860,PNKP,-1.28
861,PNKP,-1.96
862,PNKP,0.73
863,STK38,-2.69
864,STK38,-2.09
865,STK38,-2.42
866,PTK9L,-3.99
867,PTK9L,-0.63
868,PTK9L,-2.18
869,BRD3,-2.63
870,BRD3,-1.26
871,BRD3,-2.56
878,SEPHS1,-3.57
879,SEPHS1,-3.67
880,SEPHS1,-3.57
881,SEPHS2,-2.93
882,SEPHS2,-2.83
883,SEPHS2,-2.87
884,TLK1,-2.73
885,TLK1,-3.35
886,TLK1,-4.21
887,PFTK1,-0.48
888,PFTK1,-1.27
889,PFTK1,0.08
893,UCK2,-3.4
894,UCK2,-7.81
895,UCK2,-4.11
896,STK39,-2.6
897,STK39,-2.37
898,STK39,-3.33
899,TBK1,-2.69
900,TBK1,-2.39
901,TBK1,-2.94
902,CARKL,-3.19
905,EEF2K,-3.73
906,EEF2K,-5.3
907,EEF2K,-4.89
908,NME7,-3.35
909,PKN3,-1.74
910,PKN3,-1.42
911,PKN3,-1.39
912,NRBP,-2.24
913,NRBP,-5.86
914,NRBP,-6.1
915,AK3,-2.24
916,AK3,-2.46
917,AK3,-4.41
920,IKBKE,-1.49
921,ITPK1,-4.01
922,ITPK1,-3.69
923,ITPK1,-3.43
924,RAGE,-2.69
925,RAGE,-2.13
926,RAGE,-2.64
927,PLK4,-1.48
928,PLK4,-1.81
929,PLK4,-0.11
933,HSPB8,-2.92
934,HSPB8,-4.34
935,HSPB8,-5.93
939,NEK6,-2.21
942,HRI,-4.62
943,HRI,-4.27
944,HRI,-6
948,LATS2,-4.16
949,LATS2,-2.93
950,LATS2,-4.06
951,HUNK,-2.39
960,MELK,-1.84
961,MELK,-2.91
962,MELK,-1.21
963,ARK5,-1.07
964,ARK5,-2.19
965,ARK5,-0.52
966,AAK1,-1.45
967,AAK1,-1.63
968,AAK1,0.59
969,LMTK2,-2.47
972,ICK,-3.31
973,ICK,-1.24
974,ICK,-1.71
975,MAST2,-2.29
976,MAST2,-1.42
977,MAST2,-1.71
978,PASK,-2
979,PASK,-1.89
980,PASK,-1.48
981,DKFZP586B1621,-3.53
982,DKFZP586B1621,-5.99
983,DKFZP586B1621,-5.06
984,MINK,-0.97
985,MINK,-2.25
986,MINK,-2.23
995,IRAK4,-4.92
996,NLK,-2.78
998,NLK,-2.06
999,JIK,-2.22
1002,AK3L1,-2.22
1003,AK3L1,-1.03
1004,AK3L1,-2.95
1006,UMP-CMPK,-3.9
1007,UMP-CMPK,-3.67
1008,VRK3,-2.48
1009,VRK3,-2.25
1010,VRK3,-2.7
1011,PRKD2,-2.3
1012,PRKD2,-1.29
1013,PRKD2,-2.36
1014,ZAK,-0.73
1015,ZAK,-2.76
1016,ZAK,-1.97
1017,FLJ10074,-3.46
1018,FLJ10074,-3.84
1019,FLJ10074,-2.14
1020,RIOK2,-1.44
1021,RIOK2,-3.07
1022,RIOK2,-2.36
1023,STK32B,-2.12
1024,STK32B,-3.03
1025,STK32B,-2.92
1026,TOPK,-3.13
1027,TOPK,-3.08
1028,TOPK,-3.03
1032,CABC1,-2.23
1033,CABC1,-2.02
1034,CABC1,-1.52
1035,CAMK1D,-3.28
1036,CAMK1D,-3.43
1037,CAMK1D,-1.98
1039,CAMK1G,-0.37
1040,CAMK1G,0.47
1049,CLK4,-1.38
1050,SCYL1,-2.66
1051,SCYL1,-3.19
1052,SCYL1,-2.88
1053,RPS6KA2,-2.37
1054,RPS6KA2,-2.2
1055,RPS6KA2,-2.8
1056,TRIB3,-3.16
1057,TRIB3,-4.62
1058,TRIB3,-3.24
1059,TRIB2,-0.27
1060,TRIB2,-1.63
1061,TRIB2,-2.13
1064,CSNK1G1,-2.87
1068,ADCK4,-1.93
1069,ADCK4,-3.07
1070,ADCK4,-3.47
1074,LAK,-2.68
1075,LAK,-2.61
1076,LAK,-2.7
1077,TRIB1,-0.51
1078,TRIB1,-0.59
1079,TRIB1,-1.91
1080,MAP2K2,-4.84
1081,MAP2K2,-3.92
1082,MAP2K2,-4.9
1083,SNARK,-2.37
1084,SNARK,-2.66
1085,SNARK,-0.04
1089,MARK4,-2.91
1090,MARK4,-2.03
1091,MARK4,-3.33
1092,GSG2,-0.15
1093,GSG2,-3.12
1094,GSG2,-1.96
1098,FLJ23356,-4.01
1099,FLJ23356,-4.45
1100,FLJ23356,-4.34
1101,CAMKK1,0.04
1102,CAMKK1,-0.77
1103,CAMKK1,-1.37
1107,MASTL,-1.72
1108,MASTL,-2.87
1109,MASTL,-2.68
1110,MGC16169,-2.93
1111,MGC16169,-3.12
1112,MGC16169,-0.49
1113,NEK9,-1.89
1114,NEK9,-4.26
1115,NEK9,-2.97
1116,MYLK2,0.77
1117,MYLK2,-1.1
1118,MYLK2,-0.79
1125,ADCK2,-3.55
1126,ADCK2,-1.57
1127,ADCK2,-1.23
1128,HAK,-1.57
1129,HAK,-0.97
1130,HAK,-3.39
1134,STK35,-0.84
1135,STK35,-2.53
1136,STK35,0.47
1146,CSNK2A1,-2.91
1147,FRK,-3.28
1148,DVL3,-1.36
1150,PLK1,-0.74
1151,PRKX,-3.12
1152,DTYMK,-2.06
1154,CDKL3,-0.76
1155,MST4,-1.84
1156,NAGK,-2.83
1157,MKNK2,-2.6
1159,SNRK,-2.95
1162,FLJ20574,-1.9
1163,DOK4,-2.64
1164,P15RS,-2.58
1165,ETNK2,-3.55
1166,FLJ10842,-5.61
1167,PI4K2B,-3.97
1170,PI4KII,-2.13
1171,ALS2CR2,-5.44
1172,ETNK1,-2.55
1173,MARK1,-2.17
1174,PRKWNK1,-3.64
1176,ADCK1,-2.3
1177,RIPK4,-2.43
1179,RNASEL,-3.17
1180,KIAA0626,-1.94
1181,SPHK1,-3.11
1183,FN3K,-3.69
1184,TPK1,-2.55
1185,HIPK2,-2.64
1186,C9orf12,-3.52
1187,CERK,-4.34
1189,FLJ13052,-3.8
1190,FN3KRP,-3.58
1193,ITPKC,-1.43
1194,GKAP1,-0.89
1195,COASY,-4.7
1196,CDADC1,-4.87
1197,UCK1,-1.77
1199,PINK1,-4.95
1202,TP53RK,-2.67
1207,FLJ25006,-3.67
1208,KIS,-3.3
1210,FUK,-2.25
1212,MGC26597,-0.64
1213,IHPK1,-2.4
1216,FGFR1,-2.7
1217,MAPK14,-1.86
1219,CDK2,-2.73
1220,CSNK1D,-1.13
1222,FGFR4,-0.44
1223,LIMK1,-3.11
1226,MAP2K6,-3.34
1228,DGKD,-2.08
1229,MAPKAPK5,-2.79
1230,CDK10,-0.53
1231,CDC2L5,-2.4
1232,RIOK3,-2.52
1233,CLK3,-1.95
1234,NPR2,-1.92
1236,ACVR1B,-1.77
1237,BCR,-3.05
1238,TAF1,-1.97
1239,DYRK1B,-2.89
1240,MAP4K4,-2.72
1241,ABL1,-2.73
1242,CSNK2A1,-1.53
1244,DVL3,-0.9
1246,PLK1,-0.44
1247,PRKX,-1.84
1249,CDKL3,-1.64
1250,MST4,-4.44
1251,NAGK,-4.18
1254,SNRK,-1.88
1257,FLJ20574,-0.74
1258,DOK4,-1.62
1259,P15RS,-4.09
1260,ETNK2,-2.12
1261,FLJ10842,-3.73
1262,PI4K2B,-4.84
1265,PI4KII,-1.8
1266,ALS2CR2,-6.3
1267,ETNK1,-3.25
1269,PRKWNK1,-2.22
1271,ADCK1,-2.95
1274,RNASEL,-2.54
1275,KIAA0626,-2.61
1278,FN3K,-2.93
1280,HIPK2,-3.64
1281,C9orf12,-2.21
1282,CERK,-3.42
1284,FLJ13052,-1.17
1285,FN3KRP,-3.77
1289,GKAP1,-1.58
1290,COASY,-3.74
1291,CDADC1,-3.05
1292,UCK1,-1.06
1294,PINK1,-5.16
1297,TP53RK,-2.28
1302,FLJ25006,-1.78
1303,KIS,-2.84
1305,FUK,-0.07
1307,MGC26597,-0.38
1311,FGFR1,-2.22
1312,MAPK14,-1.91
1314,CDK2,-3.44
1317,FGFR4,-0.39
1318,LIMK1,-3.08
1321,MAP2K6,-2.89
1323,DGKD,-4.57
1324,MAPKAPK5,-0.23
1325,CDK10,-0.52
1326,CDC2L5,-2.19
1328,CLK3,-2.11
1329,NPR2,-0.13
1331,ACVR1B,-2.88
1332,BCR,-2.76
1333,TAF1,-1.51
1334,DYRK1B,-2.51
1336,ABL1,-2.85
1337,CSNK2A1,-1.96
1339,DVL3,-1.69
1341,PLK1,-2.98
1342,PRKX,-1.82
1344,CDKL3,-2.01
1345,MST4,-3.87
1346,NAGK,-4.54
1349,SNRK,-1.98
1352,FLJ20574,-0.92
1353,DOK4,-4.87
1354,P15RS,-2.78
1356,FLJ10842,-2.42
1357,PI4K2B,-4.64
1360,PI4KII,-2.67
1361,ALS2CR2,-7.45
1362,ETNK1,-1.33
1364,PRKWNK1,-2.91
1366,ADCK1,-2.62
1369,RNASEL,-4.21
1370,KIAA0626,-3.67
1373,FN3K,-2.58
1375,HIPK2,-2.26
1376,C9orf12,-2.62
1377,CERK,-4.36
1379,FLJ13052,-3.12
1380,FN3KRP,-4.15
1384,GKAP1,-2.11
1385,COASY,-2.56
1386,CDADC1,-1.83
1387,UCK1,-0.51
1389,PINK1,-0.78
1392,TP53RK,-1.82
1398,KIS,-3.69
1400,FUK,-1.9
1402,MGC26597,0.13
1406,FGFR1,-2.28
1407,MAPK14,-0.95
1409,CDK2,-3.01
1412,FGFR4,-2.57
1413,LIMK1,-3.73
1416,MAP2K6,-2.1
1418,DGKD,-2.74
1419,MAPKAPK5,-2.59
1420,CDK10,-1.31
1421,CDC2L5,-1.99
1423,CLK3,-2.24
1424,NPR2,-2.58
1426,ACVR1B,-3.88
1428,TAF1,-0.88
1429,DYRK1B,-4.44
1430,MAP4K4,-2.1
1431,ABL1,-2.94
1432,FGFR3,-0.84
1433,HK2,-2.24
1436,CDKN1A,-3.35
1437,NPR1,-3.12
1438,BMPR2,-3.73
1440,CDC2,-1.9
1441,CSNK1E,-2.81
1442,FYN,-2.43
1444,MAP3K10,-3.86
1445,NEK3,-1.43
1447,PIM1,-1.77
1448,PRKCZ,-1.98
1449,MAPK1,-3.74
1450,MAPK6,-3.63
1451,MAPK11,0.61
1452,MAPK9,-3.7
1453,RAF1,-2.67
1454,RPS6KB1,-2.56
1455,MAP4K3,-2.62
1456,MADD,-1.75
1457,STK16,-2.97
1458,TIF1,-1
1459,CDKL1,-5.39
1460,EPHA5,-2.37
1461,ILK,-3.19
1463,PAPSS2,-4.21
1464,MAP3K6,-1.5
1465,MAP3K13,-0.46
1466,CDK5,-3.89
1467,ABCC1,-1.89
1469,LIMK2,-2.22
1470,MAP3K4,-0.4
1471,SKP2,-2.9
1472,PCTK1,-2.37
1473,DYRK2,-2.05
1474,ADK,-3.8
1475,AKAP13,-2.75
1477,CHEK2,-1.59
1478,ABL2,-3.18
1479,SGKL,-2.59
1480,PIK3R4,-2.02
1481,STK38L,-2.08
1483,TRIM33,-1.78
1487,EPHB2,-2.58
1488,MARK2,-1.87
1490,TRPM7,-2.21
1491,PXK,-2.81
1492,GSK3A,-3.73
1493,SPHK2,-1.06
1497,LRRK1,-2.21
1498,KIAA0999,-1.43
1499,ILKAP,-2.24
1500,STK33,-2.04
1501,STK31,-1.3
1503,KIAA1804,-2.91
1504,STK19,-1.08
1505,MAPKAPK2,-2.18
1506,HK1,-4.5
1509,STK22B,-0.03
1510,MYLK,1.02
1511,PIK4CA,-1.5
1512,BRD4,-3.91
1514,DGUOK,-2.94
1516,NEK7,-1.85
1517,MAPK10,-3.05
1519,MAP2K5,-4.16
1523,PANK1,-1.81
1524,FLJ32685,-0.19
1527,FGFR3,0.87
1528,HK2,-3.13
1529,KHK,1.68
1531,CDKN1A,-5.22
1532,NPR1,-3.04
1533,BMPR2,-1.33
1535,CDC2,-2.55
1539,MAP3K10,-3.89
1540,NEK3,-1.95
1543,PRKCZ,-2.33
1544,MAPK1,-3.99
1545,MAPK6,-3.94
1546,MAPK11,-0.77
1548,RAF1,-2.04
1549,RPS6KB1,-1.37
1550,MAP4K3,-2.22
1551,MADD,-1.7
1552,STK16,-3.66
1553,TIF1,-1.25
1554,CDKL1,-2.55
1556,ILK,-2.37
1557,PAPSS2,-5.44
1558,MAP3K6,-1.82
1559,MAP3K13,-0.13
1560,CDK5,-4.93
1561,ABCC1,-1.92
1563,LIMK2,-1.63
1564,MAP3K4,-1.2
1565,SKP2,-2.44
1566,PCTK1,-3.38
1567,DYRK2,-1.03
1568,ADK,-4.01
1569,AKAP13,-2.68
1571,CHEK2,-0.54
1572,ABL2,-1.66
1573,SGKL,-1.99
1574,PIK3R4,-3.23
1575,STK38L,-3.16
1577,TRIM33,-1.15
1581,EPHB2,-3.57
1582,MARK2,-3.04
1584,TRPM7,-1.61
1585,PXK,-2.33
1587,SPHK2,-4.55
1591,KIAA0999,-2.04
1592,ILKAP,-2.59
1593,STK33,-2.28
1594,STK31,-5.05
1596,KIAA1804,-2.25
1597,STK19,-2.13
1598,MAPKAPK2,-4.32
1599,HK1,-4.14
1602,STK22B,-2.38
1603,MYLK,-2.89
1606,DGUOK,-3.2
1609,MAP2K3,-2.01
1610,MAP2K5,-1.7
1613,MAP3K7,-1.8
1614,PANK1,-2.23
1617,FGFR3,-0.45
1618,HK2,-2.65
1621,CDKN1A,-4.26
1622,NPR1,-2.76
1623,BMPR2,-5.21
1625,CDC2,-3.99
1629,MAP3K10,-3.08
1630,NEK3,-4.85
1633,PRKCZ,-1.96
1634,MAPK1,-3.45
1635,MAPK6,-3.77
1636,MAPK11,-0.01
1638,RAF1,-3.13
1639,RPS6KB1,-2.12
1640,MAP4K3,-2.76
1641,MADD,-1.62
1642,STK16,-1.82
1643,TIF1,-0.73
1644,CDKL1,-2.79
1646,ILK,-2.49
1647,PAPSS2,-5.54
1648,MAP3K6,-0.46
1649,MAP3K13,-0.18
1650,CDK5,-4.21
1651,ABCC1,-2.67
1653,LIMK2,-2.56
1654,MAP3K4,-3.1
1655,SKP2,-4.08
1656,PCTK1,-2.7
1657,DYRK2,-0.11
1658,ADK,-2.62
1659,AKAP13,-0.74
1661,CHEK2,-0.95
1662,ABL2,-2.35
1663,SGKL,-2.47
1664,PIK3R4,-2.73
1665,STK38L,-2.73
1667,TRIM33,-1.41
1671,EPHB2,-2.26
1672,MARK2,-1.71
1674,TRPM7,0.02
1675,PXK,-2.82
1677,SPHK2,-2.56
1681,KIAA0999,-1.83
1682,ILKAP,-1.41
1683,STK33,-2.59
1684,STK31,-2.96
1686,KIAA1804,-0.5
1687,STK19,-2.86
1688,MAPKAPK2,-4.29
1689,HK1,-5.66
1692,MYLK,-3.08
1695,DGUOK,-3.59
1697,MAPK10,-1.08
1698,MAP2K3,-2.36
1699,MAP2K5,-4.24
1704,PANK1,-3.95
1705,C9orf98,-0.58
1722,ADORA2B,-2.93
1782,EDG3,-4.12
1818,ADORA2B,-1
1904,BDKRB2,-3.33
2091,MC1R,-1.15
2210,GPR19,-1.2
2267,COMT,-4.97
2292,GSTP1,-6.12
2327,MGST2,-4.03
2385,GSTP1,-5.95
2453,COMT,-3.76
2472,GSTP1,-5.55
2512,EBP,-5.06
2680,CARD4,-0.84
2687,SIPA1,-2.76
2767,CARD4,-1.53
2773,SIPA1,-1.25
2799,MME,-2.58
2943,FARSLB,-4.35
2989,CTBP1,-3.16
3035,FARSLB,-3.73
3385,TRIM16,-1.47
3481,TRIM16,-2.86
3573,TRIM16,-3.8
3637,GNAQ,-2.07
3732,GNAQ,-3.36
3909,NR3C1,-2.14
3914,VDR,-0.81
3918,THRB,-4.06
3919,NR0B1,-1.21
3926,IFNA2,-3.62
3930,HMGCR,-2.26
3933,ABCB1,-3.92
3936,RARG,-3.01
3941,CASP4,-3.45
4005,NR3C1,-1.3
4008,ABCA4,-1.34
4010,VDR,-2.5
4014,THRB,-1.96
4015,NR0B1,-3.8
4022,IFNA2,-0.41
4026,HMGCR,-2.68
4029,ABCB1,-3.59
4031,RARG,-1.52
4036,CASP4,-2.21
4037,CASP6,-3.44
4050,EDG2,-3.31
4099,NR3C1,-1.84
4102,ABCA4,-2.29
4104,VDR,-4.15
4108,THRB,-2.63
4109,NR0B1,-2.17
4116,IFNA2,-1.04
4120,HMGCR,-1.3
4123,ABCB1,-5.11
4125,RARG,-1.48
4130,CASP4,-2.61
4131,CASP6,-5.15
4144,EDG2,-1.95
4180,CTSD,-5.69
4190,FGF2,-2.38
4237,P2RY2,-2.44
4285,F2R,-2.1
4286,FGF2,-2.49
4331,P2RY2,-3.43
4377,F2R,-2.98
4378,FGF2,-2.62
4419,P2RY2,-3.65
4476,RXRA,-3.9
4534,NR2C1,-2.07
4535,NR2C2,-1.43
4572,RXRA,-0.78
4630,NR2C1,-2.06
4631,NR2C2,-0.75
4666,RXRA,-3.38
4722,NR2C1,-1.07
4723,NR2C2,-1.21
4764,FZD6,-3.46
4770,DHX16,-1.16
4853,CXCR4,-2.07
4861,FZD7,-1.87
4908,TNFRSF10D,-1.75
4947,CXCR4,-2.74
4955,FZD7,-2.26
4959,DHX16,-3.89
5013,ALDH1A2,-3.41
5025,NFKB1,-3.39
5036,F2RL2,-4.59
5045,SREBF1,-2.76
5077,DFFA,-1.54
5089,ESRRA,-2.72
5121,NFKB1,-4.04
5132,F2RL2,-2.57
5140,SREBF1,-3.43
5181,ESRRA,-2.78
5213,NFKB1,-4.17
5224,F2RL2,-5.58
5231,SREBF1,-3.14
5252,CASP3,-3.33
5272,ESRRA,-2.15
5348,PPARA,-3.44
5370,NR1H3,-1.8
5371,ABCC4,-1.69
5439,PPARA,-2.17
5458,NR1H3,-4.33
5459,ABCC4,-0.41
5465,PPARD,-3.05
5526,PPARA,-2.4
5545,ABCC4,-0.83
5636,PPARG,-3.23
5731,PPARG,-2.69
5745,GPRC5B,-3.91
5821,PPARG,-4.29
5834,GPRC5B,-3.35
5909,AVEN,-2.84
5931,CYP4F11,-4.49
5940,NR1D1,-2.28
6004,AVEN,-2.54
6031,LGR7,-3.45
6032,NR1D1,0.32
6092,AVEN,-2.56
6111,CYP4F11,-6.06
6118,LGR7,-1.67
6119,NR1D1,-1.14
6145,ELOVL4,-2.71
6205,CASP2,-2.22
6221,PPP1R11,-4.3
6241,ELOVL4,-4.57
6298,CASP2,-2.43
6310,CASP7,-2.54
6386,CASP2,-4.23
6396,CASP7,-3.54
6711,GSTZ1,-3.47
6766,CD97,-2.17
6854,CD97,-1.55
6888,GSTZ1,-6.02
6898,GPR155,-2.04
6984,CLIC2,-3.94
7204,KCNN4,-1.23
7300,KCNN4,-2.34
7322,ATP5A1,-2.91
7394,KCNN4,-1.83
7602,CACNA1G,-0.82
7869,ASS,-5.19
7882,CBS,-2.28
8040,HPRT1,-4.12
8069,LPL,-1.55
8162,LPL,-3.84
8360,G6PD,-3.59
8443,AQP1,-1.84
8537,AQP1,-0.65
8550,G6PD,-3.48
8725,SMPD1,-3.65
8884,ALDH2,-3.32
8979,ALDH2,-1.97
9071,ALDH2,-4.28
9126,IMPDH2,-3.66
9134,NQO1,-4.45
9388,SRD5A1,-3.67
9430,ADSS,-3.43
9459,ARL1,-4.34
9478,CASP8,-1.49
9554,ARL1,-3.89
9710,CSNK2B,-3.43
9870,FABP5,-3.99
9957,FABP5,-4.56
10027,AARS,-4.53
10237,ARF1,-3.54
10242,ARF6,-2.59
10295,CARS,-3.05
10333,ARF1,-3.82
10338,ARF6,-2.88
10555,COX7C,-7.59
10743,CRABP2,-2.58
11075,IDH2,-4.61
11102,ITGA7,-1.66
11108,ITGB5,-3.11
11109,ITGB8,-2.35
11114,IVD,-1.72
11200,ITGB4BP,-3.78
11201,ITGB5,-6.48
11202,ITGB8,-5.03
11207,IVD,-2.29
11284,ITGA7,-0.95
11289,ITGB5,-5.6
11290,ITGB8,-5.39
11343,LRP3,-2.06
11396,MIF,-7.58
11635,NRD1,-1.88
11660,PAPPA,-6.11
11728,NRD1,-3.12
11817,NRD1,-2.86
11838,PRDX1,-1.98
11916,PRKAG1,-5.53
11918,PRKCSH,-3.33
12010,PRKAG1,-6.16
12833,TDG,-2.59
12923,TDG,-4.02
13058,TPM2,-5.69
13196,VAV2,-2.32
13514,RUVBL1,-4.1
13535,AKR1C3,-5.49
13609,RUVBL1,-4.47
13635,ALDH4A1,-1.2
13702,RUVBL1,-5.57
13723,AKR1C3,-4.03
13838,CDK5R2,-0.89
14021,CDK5R2,-3.36
14119,OAZ1,-4.22
14138,UCHL1,-4.22
14602,COX6C,-3.91
14663,HADH2,-4.42
14687,NDUFB10,-6.79
14690,NDUFS3,-2.61
14697,COX6C,-2.83
14725,ENDOG,-4
14780,NDUFB10,-2.2
14783,NDUFS3,-4.18
14790,COX6C,-3.52
14834,GALNT3,-2.94
14842,HADH2,-5.23
14865,NDUFB10,-6.74
15215,HS6ST1,-2.79
15277,DHRS3,-3.08
15309,HS6ST1,-3.21
15339,AKAP5,-1.48
15469,CCM1,-3.49
15514,NDUFAB1,-7.39
15607,NDUFAB1,-6.8
15655,CCM1,-2.14
15698,NDUFAB1,-2.8
16271,HDAC5,-1
16411,INPP5A,-3.52
16542,LGMN,-4.7
16833,ALG3,-2.07
17099,MDH2,-4.76
17429,PDE4D,-2.24
17443,PLCD1,-1.02
17476,MAP3K7IP1,-3.94
17522,PDE4D,-4.15
17525,ENPP1,-3.94
17610,PDE4D,-3.69
17736,AGPAT2,-4.78
18269,MAN1A2,-2.16
18360,MAN1A2,-3.35
18448,MAN1A2,-1.74
18769,IDH3B,-2.86
18959,IDH3B,-3.17
19143,PKIG,-4.52
19342,BACH,-4.39
19377,DNM1L,-1.38
19528,BACH,-3.77
19561,DNM1L,-2.41
19629,FKBP8,-5.71
20567,DDAH2,-2.87
21440,KCNMB3,-2.22
21499,UBE2S,-3.12
21594,UBE2S,-4.68
21685,UBE2S,-3.3
22749,CENTD2,-2.54
22844,CENTD2,-2.55
23553,DHRS7,-2.87
23627,ADIPOR1,-4.06
23740,DHRS7,-3.47
24054,PACSIN3,-2.58
24452,ARTS-1,-4.46
24501,CPA4,-3.69
25377,GDAP2,-1.49
25730,AKIP,-0.6
26165,ECT2,-2.36
26257,ECT2,-3.31
27823,DDX49,-3.7
27910,DDX49,-4.32
27972,INPP5E,-1.95
28067,INPP5E,-3.37
28158,INPP5E,-3.18
28287,KLP1,-2.87
28309,DDX24,-3.35
28380,KLP1,-3.37
28402,DDX24,-4.44
28461,PLSCR3,-6.33
29070,UNG2,-1.65
29381,DHX35,-1.86
29473,DHX35,-1.6
29703,EGLN1,-1.91
30768,NDUFS7,-3.83
30862,NDUFS7,-5.33
30948,NDUFS7,-3.01
31497,SLC25A22,-3.52
34063,COG8,-3.84
34305,DAB2IP,-3.52
34489,DAB2IP,-1.14
35764,EGLN2,-1.96
35791,GIT2,-2.86
35874,GIT2,-3.61
36062,Dlc2,-2.31
36194,UNG,-1.41
36288,UNG,-1.43
36376,UNG,-2.15
36655,PCSK6,-1.92
36798,LYPLAL1,-2.27
36884,LYPLAL1,-2.66
36965,LYPLAL1,-3.47
37190,TPCN2,-2.75
37236,OSBPL2,-2.34
37331,RGS3,-1.91
37332,OSBPL2,-4.73
37422,RGS3,-0.52
37423,OSBPL2,-2.69
39113,DUSP18,-2.69
39203,MGC45428,-1.89
40536,CAMK2G,-3.07
41615,BZRP,-6.84
41652,AK2,-3.22
41656,CDC2L1,-2.59
41685,P2RX5,-2.22
41705,BZRP,-5.61
41730,AKR1C2,-3.75
41766,P2RX5,-3.33
41834,P2RX5,-2.95
41915,KCNJ4,-1.26
42453,CDC42SE2,-2.29
42711,CASP1,-4.31
42783,CASP1,-5.84
42811,AKT1,-2.68
42812,APC,-2.5
42813,ATM,-4.92
42814,BAX,-2.78
42816,CTNNB1,-3.17
42817,BRCA1,-3.92
42818,CDC25A,-3.27
42819,CDC2,-3.5
42820,CDK2,-2.4
42821,CDK4,-4.97
42822,CDK6,-4.51
42825,MET,-4.34
42827,CCNB1,-5.88
42828,CCND1,-5.11
42829,CCNE1,-3.68
42830,PPIA,-5.32
42833,EGFR,-2.11
42834,ELK1,-3.27
42836,ERBB2,-2.05
42839,GSK3B,-3.94
42840,HIF1A,-5.97
42841,JAK1,-4.88
42845,MMP2,-6.16
42849,MYC,-3.22
42851,NUMA1,-3.41
42852,TP53,-5.16
42853,PCNA,-6.16
42854,PRKCA,-3.61
42855,PRKR,-4.61
42856,PLK1,-4.51
42857,PRKAR1A,-6.27
42858,RAF1,-3.51
42860,STAT1,-5.16
42861,STAT3,-4.64
42862,BIRC5,-3.44
42864,TNFRSF1A,-4.8
42866,PLAU,-5.57
42867,PLAUR,-2.36
42868,VEGF,-4.32
42932,PEMT,-1.22
42942,FLJ34389,-2.64
43023,PEMT,-2.06
43371,MGLL,-4.19
43464,MGLL,-2.4
43555,MGLL,-2.49
43735,ACYP2,-3.24
43820,TPI1,-3.58
43833,CLK2,-0.47
43916,TPI1,-1.43
43929,CLK2,-2.16
43979,PPIL2,-2.57
44005,TPI1,-4.59
44066,PPIL2,-2.8
44305,PIGO,-3.1
44395,PIGO,-1.6
44415,PYCARD,-3.73
44483,PIGO,-2.75
44618,PPA2,-3.22
44756,CDK4,-2.81
44790,FLT3LG,-2.98
44823,MGST2,-5.25
44852,CDK4,-2.4
44894,CTSC,-2.11
45105,CDKN3,-3.33
45149,AGPAT2,-3.95
45165,ILVBL,-2.35
45260,ILVBL,-5.63
45290,NME7,-1.85
45587,NEK7,-1.54
45955,PTGIR,-0.09
45998,CKS2,-2.75
46078,OAZ1,-5.36
46150,PPARD,-2.53
46159,AGPAT1,-3.75
46236,CARD8,-2.16
46319,KLP1,-3.88
103300,TEK,-3.93
103305,AKT2,-3.96
103309,PRKCB1,-2.35
103319,PTK2B,-1.36
103320,CSNK1G3,-2.64
103323,PFKFB3,-2.13
103331,ERBB4,-2.46
103336,PRKCN,-2.44
103342,TLK2,-2.76
103345,PNKP,-1.38
103348,PLK4,-2.33
103351,AAK1,-1.07
103353,MAST2,-2.47
103355,TRIM33,-2.6
103364,TRIB2,-1.87
103365,TRIB1,-2.3
103370,UCK1,-1.76
103372,PINK1,-5.03
103377,STK35,-1.88
103387,TEK,-3.41
103396,PRKCB1,-1.39
103403,PTK2B,-1.6
103404,CSNK1G3,-2.51
103420,PRKCN,-1.38
103439,TRIM33,-2.42
103448,TRIB2,-2.68
103461,STK35,-2.22
103486,CSNK1G3,-2.37
103489,PFKFB3,-1.43
103507,TLK2,-1.85
103519,TRIM33,-1.94
103547,TAF1,-1.49
103548,PLK1,-2.32
103563,PFKM,-3.7
103574,PRKACA,-5.44
103579,RYK,-2.28
103584,STK16,-3.38
103586,RPS6KA4,-3.61
103592,RPS6KA5,-2.96
103593,EIF2AK3,-4.29
103595,PAPSS1,-3.74
103597,SGK,-1.79
103600,PRKCD,-3.25
103602,STK4,-1.81
103606,PIK3R4,-1.55
103629,PRKCZ,-3.79
103650,SGK,-1.92
103679,PRKCZ,-3.62
103791,CDC42BPA,-0.75
103822,PRKCH,-4
103827,ITGA6,-4.27
103835,LTB4R2,-0.58
103836,LTB4R2,-1.49
103917,FAP,-2.93
103940,C1RL,-2.53
103941,C1RL,-1.12
103966,PCSK9,-3.21
104007,CPE,-5.82
104009,CPE,-4.09
104027,PAPPA,-3.72
104028,PAPPA,-4.95
104044,ADAM23,-2.76
104045,ADAM23,-4.24
104046,ADAM23,-3.07
104074,MMP14,-3.4
104101,ADAMTS1,-1.96
104116,LRP12,-2.05
104117,LRP12,-2.58
104142,ARTS-1,-3.29
104173,ADAM19,-2.45
104232,ADAMTS6,-0.87
104252,METAP1,-3.2
104253,CPA4,-5.78
104301,PCSK9,-2.78
104302,PCSK9,-4.1
104319,PKD2,-1.06
104367,CLCN6,-1.15
104388,CLCN3,-3.96
104389,CLCN3,-2.89
104390,CLCN3,-3.77
104391,CLCN4,-2.68
104393,CLCN4,-4.15
104444,MTM1,-2.65
104450,OCRL,-2.76
104475,ATP5A1,-5.11
104523,PPP2R3A,-0.64
104533,PTPN1,-2.7
104609,PTPRJ,-4.47
104644,KCNMB3,-1.09
104648,TRPC4AP,-3.39
104650,TRPC4AP,-2.64
104652,TRPC4AP,-3.83
104671,TRPM6,-1.62
104675,TRPM6,-1.88
104676,PPAP2B,-1.65
104697,INPP4B,-2.37
104699,INPP4B,-3.93
104700,INPP4B,-2.84
104736,PFKFB4,-0.8
104741,MTMR6,-0.86
104747,MTMR4,-2.69
104811,PFKFB2,-3.92
104850,TPCN2,-3.91
104855,KCNH5,-1.35
104880,KCNH1,-3.53
104883,KCNH1,-2.02
104896,PTPN23,-2.13
104912,MTMR2,-3.51
104922,SKIP,-0.79
104927,MTMR8,-2.12
104931,SSH3,-1.81
104936,SSH1,-1.42
104943,PPM1A,-1.26
104945,PPP3CB,-3.57
104949,LPPR2,-2.18
104969,DUSP19,-2.95
104989,PPAP2A,-2.22
105001,PPP2R1B,-2.01
105005,PSEN1,-2.47
105012,PSEN2,-3.05
105015,NR3C2,-2.42
105031,CTSZ,-3.65
105034,CAPN2,-5.2
105035,CAPN2,-3.53
105036,CAPN2,-4.02
105037,CAPNS1,-5.88
105042,CTSL,-5.11
105064,USP7,-3.69
105065,USP7,-3.68
105066,USP7,-1.3
105076,USP13,-2.92
105077,USP13,-2.03
105078,USP13,-2.79
105082,UCHL1,-3.7
105083,USP2,-2.89
105099,USP9X,-3.33
105100,USP9X,-2.68
105101,USP9X,-3.69
105106,BAP1,-1.86
105113,USP10,-2.53
105114,USP10,-1.87
105115,USP10,-2.95
105116,USP8,-3.62
105117,USP8,-3.44
105118,USP8,-2.65
105134,USP15,-2.22
105135,USP15,-3.2
105136,USP15,-2.1
105154,BACE1,-5.24
105157,BACE2,-3.24
105161,USP25,-2.58
105162,USP25,-1.82
105163,USP25,-0.94
105180,USP33,-3.22
105181,USP33,-3.1
105182,USP33,-3.7
105198,USP47,-3.32
105199,USP47,-2.99
105200,USP47,-2.84
105207,USP31,-1.09
105216,USP37,-1.52
105217,USP37,-1.97
105240,USP36,-1.82
105241,USP36,-1.75
105255,USP48,-3.45
105256,USP48,-3.66
105257,USP48,-3.17
105261,USP38,-2.25
105263,USP38,-2.1
105270,USP30,-4.44
105271,USP30,-2.89
105352,BMP1,-1.97
105370,CPA4,-2.18
105445,ATP5A1,-0.4
105529,TPCN2,-1.79
105532,KCNH5,-2.49
105550,PSEN2,-2.94
105551,PSEN2,-1.94
105560,PLAT,-2.73
105566,CTSZ,-2.77
105571,CAPNS1,-4.24
105572,CAPNS1,-7.13
105573,CTSC,-3.14
105574,CTSC,-2.52
105579,CTSB,-6.34
105581,CTSD,-3.71
105646,UCHL1,-3.56
105647,USP2,-1.4
105648,USP2,-1.76
105764,USP30,-2.01
105827,PPM1B,-1.1
105832,PPP2R5C,-4.02
105841,DUSP11,-1.56
105858,PPP5C,-1.26
105871,PTPLA,-3.29
105872,PTPLA,-2.47
105873,PTPLA,-3.09
105874,PIB5PA,-1.31
105875,PIB5PA,-1.77
105876,MK-STYX,-1.88
105883,DUSP22,-2.18
105895,LPPR2,-3.69
105896,LPPR2,-3.3
105909,ITPA,-3.23
105914,DUSP15,-2.1
105958,DPYD,-1.04
106072,ALDH3A2,-3.13
106087,HSD17B4,-5.58
106088,HSD17B4,-2.85
106141,TP53,-3.36
106198,ALDH3A1,-4.29
106199,ALDH3A1,-3.45
106200,ALDH3A1,-2.93
106211,ALDH9A1,-3.09
106212,ALDH9A1,-3.58
106293,HTR1D,-1.64
106294,HTR1D,-1.55
106302,IGF2R,-3.42
106304,IL1R1,-2.75
106308,IMPDH2,-5.08
106309,IMPDH2,-4.33
106359,SRD5A1,-4.5
106360,SRD5A1,-3.9
106401,ALDH7A1,-2.43
106403,ALDH7A1,-3.09
106430,CTBP1,-3.47
106476,GCLC,-2.19
106477,GCLC,-2.09
106478,GCLC,-5.17
106544,ATP6V1C1,-3.98
106546,ATP6V1C1,-2.26
106556,BPGM,-3.49
106607,CRYZ,-0.61
106608,CRYZ,-3.15
106631,EHHADH,-4.03
106632,EHHADH,-3.87
106676,GCLM,-1.99
106706,IDH2,-2.86
106709,IL6ST,-2.31
106724,ITGA2,-3.55
106725,ITGA2,-5.12
106726,ITGA2,-4.98
106736,ITPR2,-2.17
106737,ITPR2,-3.81
106740,IVD,-1.88
106749,LBR,-3.55
106762,LRP1,-2.06
106786,ME1,-1.62
106787,ME1,-4.3
106788,ME1,-2.66
106797,MEST,-2.91
106798,MEST,-3.23
106905,ROBO1,-1.42
106968,SORL1,-1.84
106970,SORL1,-2.31
107081,UBE2G1,-2.53
107082,UBE2G1,-2.53
107084,UGDH,-4.86
107085,UGDH,-4.06
107086,UGDH,-3.58
107160,MLL2,-2
107186,OFD1,-2.25
107187,OFD1,-2.06
107188,OFD1,-2.48
107196,PPFIA1,-2.06
107197,PPFIA1,-1.96
107247,TNFRSF11A,-2.11
107248,TNFRSF11A,-3.34
107276,ALDH1A2,-2.46
107427,HADH2,-4.11
107448,NDUFS2,-3.52
107449,NDUFS2,-3.49
107450,NDUFS2,-2.96
107550,CDYL,-2.6
107569,TP53I3,-3.4
107582,GABRE,-3.35
107720,HDAC5,-1.84
107753,LDHA,-4.93
107754,LDHA,-5.46
107755,LDHA,-4.9
107761,ALDH6A1,-3.94
107762,ALDH6A1,-3.29
107763,ALDH6A1,-3.61
107886,MDH2,-3.08
107927,HDAC4,-1.77
107928,HDAC4,-2.22
107955,VAV3,-1.58
108132,IDH3B,-2.97
108167,BTN3A3,-3.19
108366,ATP6V0A2,-1.79
108367,ATP6V0A2,-2.43
108378,HMMR,-3.58
108394,MAT2B,-3.77
108395,MAT2B,-2.84
108454,VCL,-1.14
108455,VCL,-4.41
108820,TRIP4,-3.14
109024,FKBP14,-2.57
109036,ESRRBL1,-3.05
109137,TNFRSF19,-2.54
109229,CMKOR1,-2.32
109609,C13orf23,-4.01
109611,C13orf23,-1.84
109878,ITGB1,-3.87
109944,PTPNS1,-2.18
110523,PLOD2,-3.74
110565,MITF,-1.4
110566,MITF,-2.63
110575,ACAT1,-2.22
110576,ACAT1,-5.43
110589,CPT2,-5.03
110590,CPT2,-4.3
110610,GPI,-2.32
110611,GPI,-4.12
110612,GPI,-5.88
110613,HPRT1,-2.17
110614,HPRT1,-2.94
110619,MTR,-1.23
110620,MTR,-2.1
110621,MTR,-1.62
110690,IL10RB,-1.66
110698,GSR,-4.02
110699,GSR,-6.25
110700,GSR,-6.21
110740,HMGCR,-2.1
110742,HMGCR,-3.96
110744,HMGCR,-3.17
110746,HTR1D,-2.53
110754,IGF1R,-2.39
110769,IL1R1,-1.57
110779,PAK2,-0.94
110781,PRKCI,-3.87
110792,MAPK7,-2.31
110802,RPS6KB1,-3.23
110836,TOP2A,-1.41
110838,TOP2A,-3.56
110840,TOP2A,-2.66
110841,TOP2B,-3.64
110843,TOP2B,-3.62
110845,TOP2B,-4.98
110861,STK17A,-4.54
110863,STK17A,-3.48
110867,ROCK2,-2.83
110871,NME4,-1.14
110898,GRK5,-1.1
110901,AKT3,-2.94
110918,DPAGT1,-1.28
110920,DPAGT1,-1.9
110921,DPAGT1,-1.19
110966,FLJ10074,-2.55
110997,CERK,-2.33
111039,MASTL,-3.76
111051,FUK,-3.01
111063,FDPS,-2.33
111065,FDPS,-1.77
111067,FDPS,-4.72
111069,FNTA,-2.23
111071,FNTA,-3.05
111073,FNTA,-5.05
111081,HIPK1,-3.09
111126,ITPR3,-3.69
111146,LRP3,-2.3
111156,M6PR,-1.8
111157,M6PR,-3.02
111158,M6PR,-1.65
111171,MGMT,-3.52
111172,MGMT,-2.35
111174,MGST2,-4.19
111196,PLAUR,-1.49
111207,PKN1,-3.4
111216,PCYT2,-4.25
111218,PCYT2,-1.13
111220,PCYT2,-3.92
111256,SORL1,-2.43
111293,TOP1,-3.06
111294,TOP1,-2.93
111295,TOP1,-3.32
111303,UGCG,-1.91
111304,UGCG,-3.12
111305,UGCG,-2.89
111328,PPFIA1,-3.66
111329,HAT1,-2.53
111330,HAT1,-5.74
111331,HAT1,-5.08
111347,B4GALT4,-2.18
111348,B4GALT4,-1.82
111349,B4GALT4,-2.49
111350,B4GALT3,-3.78
111351,B4GALT3,-2.3
111367,CDS2,-4.11
111373,TNFRSF11A,-2.42
111376,TNFRSF10D,-2.02
111377,TNFRSF10D,-1.75
111395,DPM2,-1.99
111396,DPM2,-2.72
111397,DPM2,-2.15
111401,TOP3B,-1.23
111402,TOP3B,-1.15
111403,TOP3B,-1.56
111419,CCBL1,-1.35
111444,CHST3,-1.49
111451,FDFT1,-3.62
111460,GALNT3,-3.08
111461,GALNT3,-4.9
111465,IDI1,-1.73
111466,IDI1,-3.31
111475,TOP3A,-2.36
111476,TOP3A,-1.84
111477,TOP3A,-2.14
111480,LRP8,-1.2
111505,HS6ST1,-1.51
111539,PPID,-2.96
111540,PPID,-3.65
111541,PPID,-4.69
111542,DDOST,-6.05
111543,DDOST,-5.53
111564,PARP3,-3.68
111565,PARP3,-3.38
111566,PARP3,-1.87
111602,ALG3,-2.1
111603,ALG3,-3.75
111604,HRMT1L3,-2.29
111605,HRMT1L3,-1.83
111625,MAT2A,-2.89
111626,MAT2A,-3.63
111646,ACAA2,-4.3
111647,ACAA2,-5.44
111648,ACAA2,-4.88
111662,PIN1,-4.31
111663,PIN1,-3.69
111664,PIN1,-3.36
111680,AGPAT1,-0.84
111682,PARP4,-3.96
111683,PARP4,-2.7
111684,PARP4,-4.31
111718,KDELR1,-7.57
111720,KDELR1,-5.62
111803,ICMT,-2.15
111809,SDFR1,-3.07
111880,NDOR1,-1.62
111881,NDOR1,-1.28
111882,NDOR1,-1.37
111935,ADIPOR1,-2.65
111939,LCMT1,-4.07
111940,LCMT1,-3.07
111941,LCMT1,-3.37
111951,AADAT,-3.59
111952,AADAT,-2.64
112016,ESRRBL1,-2.88
112053,TNFRSF19,-2.6
112060,GFOD1,-1.2
112061,GFOD1,-1.89
112062,GFOD1,-0.92
112114,GPAM,-3.67
112172,PAPD5,-5.37
112173,PAPD5,-0.93
112174,PAPD5,-3.65
112201,ADIPOR2,-3.7
112202,ADIPOR2,-3.07
112262,DOT1L,-2.28
112282,ALG2,-2.84
112317,PSAT1,-6.15
112318,PSAT1,-4.42
112319,PSAT1,-1.28
112327,PTPNS1,-2.78
112328,PTPNS1,-2.36
112344,GAMT,-3.58
112363,GCNT2,-6.79
112364,GCNT2,-4.15
112369,GSTZ1,-5.34
112373,PEMT,-4.82
112374,PPIL2,-2.07
112423,PH-4,-1.83
112425,PH-4,-2.65
112473,PLOD2,-3.69
112475,PLOD2,-4.93
112581,ITGB3,-2.65
112774,ECH1,-4.09
112813,CPM,-4.95
113157,CDYL,-3.41
113162,TP53I3,-3.58
113163,TP53I3,-2.76
113400,MAT2B,-2.91
113430,ADAMTS7,-2.24
113431,ADAMTS7,-1.28
113489,DKFZp566O084,-3.3
113785,CBR4,-1.94
113966,KCTD13,-3.64
114018,MAP1D,-7.04
114019,MAP1D,-3.64
114020,MAP1D,-4
114050,PTEN,-2.11
114054,CHM,-2.4
114058,APP,-4.13
114076,CHRNB1,-0.87
114077,CHRNB1,-4.66
114133,CTBP1,-2.12
114202,GCLM,-2.8
114203,GCLM,-4.29
114316,RAB3B,-4.2
114317,RAB3B,-2.73
114318,RAB3B,-3.78
114375,NRP1,-3.77
114534,HDAC5,-1.61
114611,NSF,-1.6
114729,GABARAPL2,-3.4
114841,GABRQ,-3.58
114936,SLC25A22,-3.57
114937,SLC25A22,-4.19
114944,DUSP16,-1.66
115160,NRP2,-1.83
115223,APEX1,-2.35
115614,ATF1,-2.31
116124,TRIP4,-2.23
116812,NP,-3.56
116813,NP,-1.12
116861,TAP2,-3.45
116862,TAP2,-4.75
116931,ABCF1,-2.92
116934,ABP1,-3.72
116957,CLNS1A,-2.11
116958,CLNS1A,-4.56
116959,CLNS1A,-4.38
116967,EXTL3,-3.84
116968,EXTL3,-1.77
116982,ABCA2,-2.63
116983,ABCA2,-1.63
116994,ATP6V1E1,-3.18
117013,COX7C,-3.65
117051,LOX,-2.38
117053,LOX,-2.12
117102,ABCE1,-4.55
117103,ABCE1,-1.02
117159,UPP1,-1.77
117160,UPP1,-2.14
117218,CS,-2.56
117240,COX5A,-3.6
117290,SLC29A1,-2.38
117291,SLC29A1,-3.07
117311,SLC23A2,-1.12
117312,SLC23A2,-2.79
117313,SLC23A2,-1.93
117347,LOXL1,-0.92
117348,LOXL1,-3.56
117416,SC4MOL,-1.86
117417,SC4MOL,-4.85
117418,SC4MOL,-3.85
117423,ATP5E,-2.84
117437,ABCB8,-2.82
117438,ABCB8,-0.9
117447,ABCB10,-3.35
117448,ABCB10,-3.7
117503,AOF2,-1.61
117508,GPX7,-3.1
117510,GPX7,-4.65
117522,FKBP7,-4.09
117554,FKBP14,-2.48
117586,SLC38A2,-1.14
117587,SLC38A2,-2.67
117645,SLC22A3,-2.16
117646,SLC22A3,-2.52
117647,SLC22A3,-3.55
117667,FLJ22028,-4.7
117668,FLJ22028,-5.16
117669,FLJ22028,-7.44
117672,FLJ23322,-2.4
117707,ABCC10,-1.54
117810,SLC6A15,-3.55
117811,SLC6A15,-3.29
117812,SLC6A15,-3.55
117838,ASS,-2.91
117839,CBS,-1.18
117857,DARS,-1.66
117859,DARS,-3.26
117860,AARS,-3.08
117861,AARS,-3.67
117866,CARS,-4.16
117871,CTPS,-1.37
117873,DHPS,-2.35
117874,DHPS,-2.04
117889,CAD,-1.53
117890,CAD,-1.78
117905,MARS,-2.11
117906,MARS,-3.44
117907,MARS,-1.97
117925,PAICS,-4.99
117926,PAICS,-5.3
117927,PAICS,-2.72
117933,LIAS,-2.74
117934,LIAS,-3.2
117963,HEMK1,-2.3
117964,POLK,-1.35
117965,POLK,-1.88
117966,POLK,-2.16
118008,ELOVL5,-3.66
118009,ELOVL5,-5.49
118010,ELOVL5,-1.56
118016,ELOVL1,-3.19
118017,ELOVL1,-4.46
118018,ELOVL1,-6.25
118019,ELOVL6,-2.39
118020,ELOVL6,-2.52
118026,SUV39H2,-2.88
118027,SUV39H2,-2.5
118028,SUV39H2,-1.57
118059,TRUB1,-2.32
118060,TRUB1,-3.79
118061,TRUB1,-5.5
118070,MGC15875,-1.68
118083,ADSSL1,-4.22
118084,ADSSL1,-2.87
118116,FKBP14,-2.33
118123,BPGM,-2.92
118124,BPGM,-3.69
118136,TAP2,-5.98
118137,ABCB1,-2.41
118138,ABCB1,-0.74
118144,ABCA2,-2.41
118145,ABCD3,-3.87
118146,ABCD3,-3.87
118147,ABCD3,-1.7
118148,ABCE1,-3.5
118159,ABCD4,-1.92
118172,ABCB8,-2.31
118206,XPO1,-2.01
118241,NME3,-1.35
118254,PHKG2,-1.98
118261,ULK1,-2.16
118265,STK17B,-2.23
118267,BRD2,-1.05
118282,PFTK1,-2.14
118293,PHKG2,-0.96
118296,FGFR1,-4.14
118309,DNCH1,-2.99
118311,DNCH1,-2.12
118323,DNAL4,-2.56
118324,DNAL4,-2.51
118325,DNAL4,-4.61
118341,Dlc2,-2.54
118352,TPM1,-1.93
118353,TPM1,-3.51
118354,TPM1,-2.53
118375,TPM2,-2.73
118376,TPM2,-1.21
118426,KIF5B,-1.58
118427,KIF5B,-4.93
118428,KIF5B,-4.1
118441,KIF20A,-4.14
118442,KIF20A,-4.14
118443,KIF20A,-2.78
118447,KIF3A,-3.57
118448,KIF3A,-3.93
118450,KIF22,-2.02
118451,KIF22,-4.11
118452,KIF22,-2.93
118456,KIFAP3,-2.11
118457,KIFAP3,-3.81
118465,MPHOSPH1,-1.76
118466,MPHOSPH1,-2.34
118467,MPHOSPH1,-1.53
118471,KIF21A,-2.65
118472,KIF21A,-3.59
118473,KIF21A,-3.63
118484,KLC2,-5.45
118485,KLC2,-3.13
118492,KIF18A,-2.67
118493,KIF18A,-3.29
118494,KIF18A,-2.89
118510,KNS2,-2.45
118511,KNS2,-3.57
118512,KNS2,-3.18
118525,KIFC1,-2.03
118526,KIFC1,-2.62
118527,KIFC1,-2.78
118564,MID1,-3.55
118581,GGCX,-3.35
118582,GGCX,-3.99
118583,GGCX,-2.97
118602,CCNA2,-2.3
118603,CCNA2,-2.96
118609,CCNH,-2.31
118622,CDKN2C,-2.88
118630,CCND3,-3.13
118631,CCND3,-3.01
118632,CCND3,-4.58
118657,OAZ2,-4.41
118658,OAZ2,-7.09
118659,OAZ2,-1.58
118660,ODC1,-3.69
118661,ODC1,-3.19
118662,ODC1,-3.86
118709,CCNG1,-3.42
118711,CCNG1,-2.3
118715,OAZ1,-7.49
118717,SERPINB9,-4.33
118720,CDKL1,-2.33
118721,CDKL1,-2.98
118723,COX5A,-2.4
118726,CCNG2,-1.53
118739,CDKN2B,-2.33
118749,TRIM25,-2.77
118750,TRIM25,-3.38
118751,TRIM25,-3.4
118753,CCNC,-2.54
118754,CCNC,-1.28
118756,GAK,-2.98
118767,SC5DL,-2.74
118768,SC5DL,-3.7
118783,AOF2,-2.7
118810,ERMAP,-1.58
118811,ERMAP,-4.26
118812,ERMAP,-3.18
118816,MCCC1,-3.12
118817,MCCC1,-3.73
118818,MCCC1,-1.67
118855,CCNE2,-1.1
118856,CCNE2,-1.45
118858,CDKN2A,-3.01
118887,ACACA,-2.11
118888,ACACA,-4.07
118901,CA12,-2.97
118902,CA12,-1.31
118903,CA12,-3.98
118963,GABARAPL2,-2.71
118973,CHM,-3.84
118980,NSF,-2.8
118981,NSF,-1.04
118985,CHRNA5,-3.84
118986,CHRNA5,-3.35
119004,FLJ23322,-3.71
119064,PAFAH2,-4.31
119065,PAFAH2,-3.59
119066,PAFAH2,-4.2
119070,ARSA,-2.47
119073,GALNS,-3.5
119074,GALNS,-2.01
119094,DIO2,-3.16
119096,DIO2,-2.04
119143,EXTL3,-2.62
119156,CAT,-2.69
119193,PARG,-1.57
119194,PARG,-2.13
119195,PARG,-3.35
119198,HYAL2,-3.54
119199,HYAL2,-1.24
119200,HYAL2,-2.45
119248,RAPGEF3,-1.99
119249,RAPGEF3,-2.14
119250,RAPGEF3,-2.91
119251,MAN2A2,-0.96
119268,ABHD2,-3.68
119269,ABHD2,-3.6
119270,ABHD2,-4.35
119284,DDAH1,-4.99
119285,DDAH1,-4.33
119311,ARHGEF12,-2.48
119312,ARHGEF12,-2.66
119329,HEMK1,-2.47
119330,HEMK1,-3.67
119376,FUCA2,-2.36
119406,MGC15875,-2.66
119421,ARHGEF1,-1.97
119422,ARHGEF1,-1.49
119428,SOD1,-4
119429,SOD1,-4.34
119430,ARSA,-2.33
119469,GCHFR,-5.77
119470,GCHFR,-4.52
119471,GCHFR,-2.19
119489,AD-003,-2.83
119490,AD-003,-0.56
119493,CGI-14,-1.38
119494,CGI-14,-3.74
119508,CDKN2A,-4.28
119524,HAGHL,-3.26
119525,HAGHL,-1.25
119533,DDAH2,-2.81
119534,HAGHL,-2.83
119549,MLH1,-2.3
119550,MLH1,-1.99
119551,MLH1,-1.68
119580,ADAR,-1.95
119581,ADAR,-4.33
119582,ADAR,-3.36
119610,DCTD,-4.2
119611,DCTD,-2.9
119612,DCTD,-1.44
119655,TRA1,-5.17
119657,TRA1,-4.96
119666,CES2,-2.57
119667,CES2,-3.16
119675,AMPD2,-1.29
119715,GCS1,-2.09
119717,GCS1,-1.88
119731,POLH,-1.8
119732,POLH,-3
119733,GNA13,-1.34
119758,HSPCB,-1.51
119760,HSPCB,-4.11
119764,ACATE2,-1.21
119766,ACATE2,-2.03
119776,ADCY6,-1.91
119778,ADCY6,-2.7
119780,ADARB1,-1.14
119781,ADARB1,-2.88
119782,ADARB1,-1.86
119792,TRAP1,-3.99
119793,TRAP1,-1.72
119794,TRAP1,-1.06
119820,GNAO1,-3.61
119822,GNAO1,-2.83
119855,MED8,-2.96
119857,PPT2,-2.87
119859,PPT2,-3.78
119860,TAF15,-1.76
119861,TAF15,-4.17
119862,TAF15,-4.46
119908,SLC9A3R2,-5.18
119909,SLC9A3R2,-2.02
119910,SLC9A3R2,-4.8
119983,SLC29A1,-3.54
120035,SLC38A2,-2.48
120088,BZRP,-5.48
120200,BAK1,-1.61
120201,BAK1,-2.78
120208,HDAC2,-3.32
120209,HDAC2,-2.65
120210,HDAC2,-4.1
120218,ATP1B1,-1.88
120250,NRAS,-3.42
120253,PSMC2,-4.23
120254,PSMC2,-2.19
120255,PSMC2,-1.48
120259,PSMC5,-2.15
120260,PSMC5,-3.08
120261,PSMC5,-3.68
120288,RASA1,-1.6
120290,RASA1,-2.86
120297,UBE1,-4.42
120298,UBE1,-3.84
120299,UBE1,-3.6
120311,UBE2D2,-1.96
120316,UBE2G2,-2.27
120317,UBE2G2,-1.09
120318,UBE2G2,-1.62
120331,UBE2V2,-4.15
120332,UBE2V2,-3.29
120334,UCP2,-2.84
120335,UCP2,-2.26
120336,UCP2,-2.95
120349,HDAC3,-2.21
120361,RHOB,-2.98
120362,RHOB,-3.46
120388,BAD,-3.49
120398,CDC23,-1.19
120418,HDAC1,-2.03
120441,PSMD14,-2.97
120443,PSMD14,-2.56
120450,HDAC6,-1.88
120451,HDAC6,-1.59
120452,HDAC6,-3.34
120453,UBE4B,-4.81
120454,UBE4B,-4.08
120534,USP34,-2.66
120535,USP34,-1.78
120536,USP34,-2.73
120585,UBE2R2,-2.23
120586,UBE2R2,-3.09
120587,UBE2R2,-2.22
120597,HDAC8,-2.41
120599,HDAC8,-2.26
120600,RAC1,-4.03
120642,MCL1,-2.44
120644,MCL1,-2.57
120703,KRAS2,-2.64
120717,BCL2L1,-2.14
120719,BCL2L12,-2.07
120740,TTL,-4.27
120741,TTL,-3.85
120742,TTL,-2.96
120744,ATP2A2,-3.22
120745,ATP2A2,-4.43
120754,ATP2A3,-1.15
120755,ATP2A3,-2.28
120760,HRAS,-0.74
120774,BID,-5.61
120792,ATP6V1E1,-3.8
120796,UBE2B,-1.69
120797,UBE2B,-2.71
120808,BAD,-2.84
120838,BCL2L12,-3.55
120865,K-ALPHA-1,-2.35
120872,ATP5E,-3.58
120898,HRAS,-1.84
120904,ATP5E,-3.53
120916,K-ALPHA-1,-2.96
120955,IDS,-1.76
120956,IDS,-2.36
121012,LCN2,-3.76
121013,LCN2,-1.74
121042,OSBPL10,-2.78
121043,OSBPL10,-4.72
121044,OSBPL10,-6.14
121065,PLSCR3,-6.74
121066,PLSCR3,-4.38
121070,OSBPL8,-3.01
121071,OSBPL8,-4.82
121072,OSBPL8,-2.97
121122,BACH,-4.45
121124,UBE2J2,-3.03
121125,UBE2J2,-3.97
121168,TAS1R3,-1.8
121169,TAS1R3,-0.97
121170,TAS1R3,-3.22
121185,COX8A,-4.11
121191,COX8A,-4.93
121236,FECH,-1.83
121237,FECH,-4.62
121238,FECH,-2.47
121239,FH,-5.44
121240,FH,-3.54
121248,LIG1,-1.15
121249,LIG1,-3.95
121291,BIRC4,-1.99
121302,CHD1,-1.99
121332,CDC25A,-2.22
121333,CDC25A,-1.47
121352,ACSL1,-2.14
121353,ACSL1,-3.36
121393,PI3,-6.45
121394,PI3,-7.38
121486,ENDOG,-3.01
121487,ACSL3,-2.79
121549,SDCBP,-4.74
121550,SDCBP,-3.61
121551,SDCBP,-4.26
121553,RBM10,-3.26
121554,RBM10,-3.67
121555,RBM10,-0.54
121558,COL4A3BP,-2.89
121604,TFPI2,-3.85
121605,TFPI2,-3.6
121651,ESPL1,-3.57
121652,ESPL1,-3.25
121653,ESPL1,-1.3
121659,APG4B,-2.34
121815,NPL4,-2.04
121816,NPL4,-2.69
121817,NPL4,-3.03
121830,USP40,-2.21
121836,FLJ11011,-2.26
121838,FLJ11011,-3.07
121857,WRNIP1,-3
121858,WRNIP1,-3.11
121859,WRNIP1,-2.96
121952,NIPA2,-2.56
121953,NIPA2,-4.72
121954,NIPA2,-4.49
122174,PI3,-6.89
122186,CDC34,-4.04
122221,ACSL4,-2.54
122295,MDM2,-2.93
122308,CDC34,-2.52
122362,ALDOA,-3.36
122368,ALDOA,-3.53
122435,FXYD5,-4.96
122485,MIF,-3.83
122505,ITGB4BP,-2.96
122523,COX7A2,-6.33
122524,ITGB4BP,-2.51
122540,COX7A2,-3.52
122592,CNKSR1,-2.03
123257,MAGI-3,-2.05
126686,ASK,-1.19
126687,ASK,-4.44
126688,ASK,-3.37
126713,OSRF,-3.3
126714,OSRF,-2.01
126715,OSRF,-1.85
127538,GKAP1,-1.52
128750,EGLN3,-1.55
129947,DGKH,-2.26
130548,MAPKAP1,-2.72
130622,PANK3,-0.7
131297,COG8,-1.78
131298,COG8,-4.09
131832,PANK2,-2.54
132030,GDAP2,-3.37
132031,GDAP2,-3.93
132362,PANK4,-1.48
133478,EGLN1,-1.17
134156,CLIC4,-3.21
134157,CLIC4,-4.48
134877,PRKAG2,-1.24
135025,CRIM1,-3.67
135342,SH3KBP1,-4.06
135382,VPS29,-3.79
135384,VPS29,-0.58
135457,PRKCBP1,-1.6
135679,COG5,-3.14
135680,COG5,-2.84
135681,COG5,-3.25
135730,CIB2,-3.06
135731,CIB2,-2.28
135732,CIB2,-3.91
135765,PRDX4,-4.84
136338,PACSIN2,-0.94
136339,PACSIN2,-2.64
137110,NUDT4,-1.48
137111,NUDT4,-0.88
137112,NUDT4,-0.81
137195,STX10,-2.1
137196,STX10,-1.92
137197,STX10,-1.72
137617,HGS,-1.85
137618,HGS,-2.9
137886,NUP153,-1.37
137887,NUP153,-1.37
137888,NUP153,-2.67
138026,ARPC3,-4.2
138027,ARPC3,-3.68
138239,PRKCABP,-1.8
138523,TRIP4,-3.09
138647,AKAP9,-0.89
139153,STX7,-3.2
139154,STX7,-4.24
139155,STX7,-4.28
139260,IKBKG,-3.24
139359,STX3A,-3.85
139360,STX3A,-2.52
139361,STX3A,-2.8
139567,PRDX2,-1.78
140672,KIAA1446,-2.26
140704,NJMU-R1,-1.42
142398,PTPN11,-3.29
142801,PRKRIR,-2.16
142835,PPP1R3C,-0.89
142837,PRKAB2,-2.31
142900,SKP2,-2.4
142901,SKP2,-3.52
142927,PRKAB1,-3.03
143005,PKIA,-3.22
143006,PKIA,-1.3
143038,SKIV2L,-1.37
143280,PHKB,-2.53
143281,PHKB,-1.69
143282,PHKB,-1.5
143701,PRDX1,-2.77
143702,PRDX1,-1.88
143791,PHKA1,-2.65
143792,PHKA1,-3.15
143793,PHKA1,-2.92
143802,PIK3C3,-2.49
143975,PIK3CD,-3.36
143978,PIK3R2,-3.49
143979,PIK3R2,-3.99
143980,PIK3R2,-2.83
144220,PCM1,-2.29
144221,PCM1,-1.97
144222,PCM1,-0.53
144250,PIK3CA,-3.88
144251,PIK3CA,-3.6
144252,PIK3CA,-4.04
144682,FLT3LG,-3.35
145540,ETFA,-3.04
145542,ETFA,-3.43
145732,CLIC1,-3.82
145733,CLIC1,-2.58
145734,CLIC1,-2.99
145735,CLIC2,-4.99
145935,CALM2,-3.53
146326,DLG1,-2.35
146327,DLG1,-2.25
146328,DLG1,-1.87
146695,CALM1,-1.95
146696,CALM1,-2.55
146856,LTB4R,-2.34
202340,KCTD13,-2.66
202341,KCTD13,-3.05
202365,PRDX2,-2.76
202430,PRDX2,-5.3
202506,MAST3,-2.8
202507,MAST3,-4.15
202512,MAP3K1,-3.43
202514,MAP3K1,-1.86
212675,USP42,-3.04
212676,USP42,-1.59
212677,USP42,-0.93
213023,COQ6,-2.28
213025,GSTK1,-5.3
213182,TMEM1,-2.09
213184,TMEM1,-1.04
213198,BCL2L11,-1.53
213199,BCL2L11,-1.41
213203,COQ6,-2.44
213204,COQ6,-1.57
213229,BAX,-2.91
213259,BAX,-2.29
213261,GSTK1,-3.71
213303,UBE2E3,-3.71
213304,UBE2E3,-2.06
213344,DNCL2A,-4.22
213346,DNCL2A,-3.33
214529,BCL2,-0.63
261191,CNR1,-0.72
261192,CNR1,-3.52
